region,body,type,aphelion_apogee,perihelion_perogee,semi_major_axis,eccentricity,orbital_period,mean_anomaly,inclination,longitude_of_ascending_node,argument_of_perihelion,mass,D,R,C,SG,EV,RP,AT,TH,HE,HP,LB,Unnamed: 24,Unnamed: 25
,The Sun,Star,,,,,,,,,,,1391400.0,695700.0,4371212.018204838,,,,,,,,,,
Inner Solar System,Mercury,Rocky Planet,69820000.0,46000000.0,57910000.0,0.20563,97.9691,174.796,7.005,48.331,29.124,330110000000000013107200,4879.4,2439.7,15329.087193926036,3.7,4.25,176.0,2.04,1353.0,61.0,5.0,41.0,,
Inner Solar System,Venus,Rocky Planet,108940000.0,107480000.0,108210000.0,0.006772,224.701,50.115,3.39458,76.68,54.884,4867500000000000349175808,12103.6,6051.8,38024.580841989424,8.87,10.36,-243.0226,2.64,7929.0,152.0,5.0,101.0,,
Inner Solar System,Earth,Rocky Planet,152097597.0,147098450.0,149598023.0,0.0167086,365.256363004,358.617,7.155,-11.2606,114.2078,5972000000000000327155712,12742.0,6371.0,40030.173592041145,9.8065,11.186,0.9972,23.4392,8828.0,160.0,5.0,107.0,,
Earth Orbit,Luna (E I),Rocky Moon,405450.0,362600.0,384399.0,0.0549,27.3216,,5.145,0.0,0.0,73460000000000003145728,3468.8,1734.4,10897.556596772274,1.622,2.38,27.3216,1.5424,711.0,44.0,5.0,29.0,,
Inner Solar System,Mars,Rocky Planet,249261000.0,206650000.0,227939366.0,0.0934,686.98,19.412,1.85,49.5785,286.5,641710000000000034078720,6779.0,3389.5,21296.856598685208,3.7207,5.027,1.0259,25.19,2565.0,85.0,5.0,57.0,,
Mars Orbit,Phobos (M I),Rocky Moon,9517.58,9234.42,9376.0,0.0151,0.3189,,1.093,,,10600000000000000,22.16,11.08,69.61769320354982,0.0057,11.39,0.0,0.0,0.0,0.0,0.0,0.0,,
Mars Orbit,Deimos (M II),Rocky Moon,23455.5,23470.9,23463.2,0.00033,1.263,,0.93,,,1510000000000000,12.54,6.27,39.395571876016,0.003,0.005556,,,0.0,0.0,0.0,0.0,,
Outer Solar System,Jupiter,Gas Giant Planet,816363000.0,740595000.0,778479000.0,0.0489,4332.59,20.02,1.303,100.464,273.867,1898200000000000130610626560,139822.0,69911.0,439263.7680102321,24.79,59.5,0.4135416666666667,3.13,1031651.0,1757.0,5.0,1171.0,,
Jupiter Orbit,Metis (J XVI),,128026.0,122974.0,128000.0,0.0002,0.2948,,0.06,,,36000000000000000,43.0,21.5,135.0884841043611,0.005197940508382909,0.014950299055887314,,,0.0,1.0,0.0,0.0,,
Jupiter Orbit,Adrastea (J XV),,,,129000.0,0.0015,0.2983,,0.03,,,2000000000000000,16.4,8.2,51.5221195188726,0.0019852171326591316,0.005705923323670741,,,0.0,0.0,0.0,0.0,,
Jupiter Orbit,Amalthea (J V),,182840.0,181150.0,181400.0,0.374,0.4999,,0.374,,,2080000000000000000,167.0,83.5,524.6459731494955,0.01991113915880813,0.05766420240947548,,,,2.0,,1.0,,
Jupiter Orbit,Thebe (J XIV),,226000.0,218000.0,221900.0,0.0175,0.6761,,1.076,,,430000000000000000,98.6,49.3,309.76103564395356,0.011808108652987667,0.03412154031084447,,,,1.0,,1.0,,
Jupiter Orbit,Io (J I),,423400.0,420000.0,421800.0,0.0041,1.7627,,0.05,,,89318999999999996067840,3643.2,1821.6,11445.450355558334,1.7965675065297528,2.5583695471509187,,,791.0,46.0,5.0,31.0,,
Jupiter Orbit,Europa (J II),,676938.0,664862.0,671100.0,0.009,3.5255,,0.47,,,47997999999999996329984,3121.6,1560.8,9806.795627445897,1.31502603854008,2.0260763267721957,,,572.0,39.0,5.0,26.0,,
Jupiter Orbit,Ganymede (J III),,1071600.0,1069200.0,1070400.0,0.0013,7.1556,,0.2,,,148190000000000004718592,5268.2,2634.1,16550.538417641746,1.4254766410525992,2.740382462429889,,,1562.0,66.0,5.0,44.0,,
Jupiter Orbit,Callisto (J IV),,1897000.0,1869000.0,1882700.0,0.0074,16.69,,0.192,,,107589999999999994232832,4820.6,2410.3,15144.361545894957,1.2360482658637448,2.441002718233384,,,1320.0,61.0,5.0,40.0,,
Jupiter Orbit,Leda (J XIII),,,,11145200.0,0.162,240.33,,28.2,,,5200000000000000,21.5,10.75,67.54424205218055,0.0030032545159545698,0.008035544293513865,,,0.0,0.0,0.0,0.0,,
Jupiter Orbit,Himalia (J VI),,,,11439000.0,0.16,249.91,,28.4,,,4200000000000000000,139.6,69.8,438.5663344411351,0.05753659657966683,0.08962203346566898,,,,2.0,,1.0,,
Jupiter Orbit,Lysithia (J X),,,,11699100.0,0.117,258.5,,27.7,,,39000000000000000,42.2,21.1,132.57520998148928,0.005846627434244513,0.015707567530496836,,,0.0,1.0,0.0,0.0,,
Jupiter Orbit,Elara (J VII),,,,11710700.0,0.212,258.89,,27.8,,,270000000000000000,79.9,39.95,251.01325302182448,0.011291091336009812,0.03003594842429957,,,,1.0,,1.0,,
Jupiter Orbit,Ananke (J XII),,,,21029500.0,0.238,623.11,,147.6,,,13000000000000000,29.1,14.55,91.42034621946299,0.00409848254035734,0.010920890161722102,,,0.0,0.0,0.0,0.0,,
Jupiter Orbit,Carme (J XI),,,,23139200.0,0.261,719.28,,164.6,,,53000000000000000,46.7,23.35,146.71237692264336,0.006487954917487814,0.01740653597493427,,,0.0,1.0,0.0,0.0,,
Jupiter Orbit,Pasiphae (J VIII),,,,23463200.0,0.412,734.42,,148.3,,,100000000000000000,57.8,28.9,181.58405537749005,0.007991163898899676,0.02149160937101736,,,0.0,1.0,0.0,0.0,,
Outer Solar System,Saturn,Gas Giant Planet,1514500000.0,1352550000.0,1433530000.0,0.0565,10755.7,317.02,2.485,113.665,339.392,568340000000000030526144512,58232.0,58232.0,182941.22340384082,10.44,35.5,0.4291666666666667,26.73,179828.0,732.0,5.0,488.0,,
Saturn Orbit,Mimas (S I),,,,185539.0,0.02,0.9,,1.6,,,40000000000000000000,396.0,198.0,1244.0706908215582,0.06809815324966839,0.16421592092994114,,,15.0,5.0,5.0,3.0,,
Saturn Orbit,Enceladus (S II),,,,237948.0,0.005,1.4,,0.0,,,110000000000000000000,504.0,252.0,1583.3626974092558,0.11561051272360795,0.24138703033240705,,,22.0,6.0,5.0,4.0,,
Saturn Orbit,Tethys (S III),,,,294619.0,1.1,1.9,,1.1,,,620000000000000000000,1062.0,531.0,3336.37139811236,0.14676022570497335,0.3947902730547977,,,81.0,13.0,5.0,9.0,,
Saturn Orbit,Dione (S IV),,,,377396.0,0.0,2.7,,0.0,,,1100000000000000000000,1123.0,561.5,3528.0085499813376,0.23286214177931044,0.5113747991621855,,,86.0,14.0,5.0,9.0,,
Saturn Orbit,Rhea (S V),,,,527108.0,0.001,4.5,,0.3,,,2300000000000000000000,1527.0,763.5,4797.211982031614,0.2633391787810676,0.6341284775175219,,,156.0,19.0,5.0,13.0,,
Saturn Orbit,TItan (S VI),,,,1221870.0,0.029,16.0,,0.3,,,134999999999999993708544,5149.0,2574.5,16176.060573333845,1.359420140183759,2.645685979440148,,,1505.0,65.0,5.0,43.0,,
Saturn Orbit,Iapetus (S VIII),,,,3560820.0,0.028,79.0,,7.6,,,1800000000000000000000,1470.0,735.0,4618.141200776996,0.22238400666389002,0.5717556206946447,,,138.0,18.0,5.0,12.0,,
Saturn Orbit,Hyperion (S VII),,,,1841500.0,0.105,21.2767,,0.6,,,5551000000000000000,270.0,135.0,848.2300164692441,0.020328690973936896,0.07408607536482792,,,3.0,3.0,0.0,2.0,,
Saturn Orbit,Phoebe (S IX),,,,12929400.0,0.162,-500.3,,175.2,,,8312300000000000000,213.0,106.5,669.1592352146259,0.04891338481341885,0.1020713033386868,,,3.0,3.0,0.0,2.0,,
Saturn Orbit,Janus (S X),,,,151500.0,0.007,0.69732,,0.2,,,1893880000000000000,179.0,89.5,562.345084992573,0.01578018574201804,0.05314746699346291,,,,2.0,,1.0,,
Saturn Orbit,Epimethus (S XI),,,,151400.0,0.02,0.697,,0.3,,,525607000000000000,116.2,58.1,365.05306634713395,0.010392369971945809,0.03475044446823814,,,,1.0,,1.0,,
Saturn Orbit,Prometheus (S XVI),,,,139400.0,0.002,0.615,,0.0,,,159720000000000000,86.2,43.1,270.8052867394402,0.005738659869402081,0.02224123379541835,,,,1.0,,1.0,,
Saturn Orbit,Pandora (S XVII),,,,141700.0,0.004,0.63137,,0.0,,,135700000000000000,81.4,40.7,255.72564200220918,0.005467600226985976,0.02109650820578274,,,,1.0,,1.0,,
Saturn Orbit,Siamaq (S XXIX),,,,17881100.0,0.309,895.58,,47.8,,,32000000000000000,39.3,19.65,123.46459128607886,0.005531343032327824,0.014743872665296708,,,0.0,0.0,0.0,0.0,,
Saturn Orbit,Helene (S XII),,,,377600.0,0.007,2.7369,,0.2,,,7100000000000000,35.2,17.6,110.58406140636073,0.0015298143724173552,0.007338219532631257,,,0.0,0.0,0.0,0.0,,
Saturn Orbit,Atlas (S XV),,,,137700.0,0.001,0.6046,,0.0,,,5490000000000000,30.2,15.1,94.87609813841175,0.0016070307004078766,0.006966514706244284,,,0.0,0.0,0.0,0.0,,
Saturn Orbit,Albiorix (S XXVI),,,,16329100.0,0.482,783.46,,36.8,,,12000000000000000,28.6,14.3,89.8495498926681,0.003916651180986845,0.010583771717881284,,,0.0,0.0,0.0,0.0,,
Saturn Orbit,Pan (S XVIII),,,,133600.0,0.0,0.575,,0.0,,,4300000000000000,28.2,14.1,88.59291283123217,0.001443563704039032,0.006380321030630097,,,0.0,0.0,0.0,0.0,,
Saturn Orbit,Paaliaq (S XX),,,,14997900.0,0.378,686.94,,48.5,,,14000000000000000,25.0,12.5,78.53981633974483,0.005980172799999999,0.012227195917298454,,,0.0,0.0,0.0,0.0,,
Saturn Orbit,Telesto (S XIII),,,,295000.0,0.001,1.8878,,1.2,,,3900000000000000,24.8,12.4,77.91149780902687,0.0016928830645161288,0.006479467570719064,,,0.0,0.0,0.0,0.0,,
Saturn Orbit,Calypso (S XIV),,,,295000.0,0.001,1.8878,,1.5,,,1800000000000000,21.4,10.7,67.23008278682157,0.0010493265787405012,0.004738732824822131,,,0.0,0.0,0.0,0.0,,
Saturn Orbit,Ymir (S XIX),,,,22954500.0,0.338,-1315.08,,172.3,,,5600000000000000,19.0,9.5,59.690260418206066,0.004141393905817174,0.008870540243442127,,,0.0,0.0,0.0,0.0,,
Saturn Orbit,Kiviuq (S XXIV),,,,11307500.0,0.275,449.13,,48.0,,,3600000000000000,17.0,8.5,53.40707511102649,0.0033256027681660898,0.007518992423112523,,,0.0,0.0,0.0,0.0,,
Saturn Orbit,Tarvos (S XXI),,,,18215600.0,0.522,926.43,,37.8,,,2100000000000000,15.0,7.5,47.12388980384689,0.0024917386666666666,0.006113597958649227,,,0.0,0.0,0.0,0.0,,
Saturn Orbit,Ijiraq (S XXII),,,,11344600.0,0.293,451.43,,49.2,,,1800000000000000,13.0,6.5,40.840704496667314,0.0028434887573964497,0.006079913967002646,,,0.0,0.0,0.0,0.0,,
Saturn Orbit,Erriapus (S XXVIII),,,,17507000.0,0.476,871.09,,37.1,,,950000000000000,10.0,5.0,31.41592653589793,0.0025362339999999996,0.005036103652626701,,,0.0,0.0,0.0,0.0,,
Outer Solar System,Uranus,,3006390000.0,2735560000.0,2870972000.0,0.0471,369.66,142.2386,0.773,74.006,96.9988,86810000000000006505365504,50724.0,25362.0,159354.14576068867,8.69,21.3,-0.718661,82.23,136425.0,637.0,5.0,425.0,,
Uranus Orbit,Titania (U III),,,,436282.0,0.0012,8.7064,,0.11129,,,3455000000000000262144,1576.8,788.4,4953.663296180385,0.3709885826086576,0.7648364511824285,,,163.0,20.0,5.0,13.0,,
Uranus Orbit,Oberon (U IV),,,,583449.0,0.0014,13.465,,0.1478,,,3110400000000000000000,1522.8,761.4,4784.017292886537,0.358093321932163,0.7384473648394297,,,156.0,19.0,5.0,13.0,,
Uranus Orbit,Umbriel (U II),,,,265982.0,0.0039,4.1445,,0.0796,,,128850000000000000000,1169.0,584.5,3672.5218120464683,0.025172196630812674,0.1715409509750369,,,100.0,15.0,5.0,10.0,,
Uranus Orbit,Ariel (U I),,,,190930.0,0.0012,2.5207,,0.0167,,,1233100000000000131072,1157.8,578.9,3637.335974326262,0.24558222074668748,0.5332308085440252,,,100.0,15.0,5.0,10.0,,
Uranus Orbit,Miranda (U V),,,,129858.0,0.0014,1.4138,,4.4072,,,62930000000000000000,471.6,235.8,1481.5750954329465,0.07553980404175127,0.18874472598218447,,,22.0,6.0,5.0,4.0,,
Uranus Orbit,Puck (U XV),,,,86005.0,0.0002,0.76148,,0.3562,,,1910000000000000000,162.0,81.0,508.93800988154646,0.019429832342630696,0.05610376849647599,,,,2.0,,1.0,,
Uranus Orbit,Sycorax (U XVII),,,,12193200.0,0.0,-1286.0,,157.0,,,1910000000000000000,157.0,78.5,493.2300466135975,0.020687107793419608,0.056990138827404856,,,,2.0,,1.0,,
Uranus Orbit,Portia (U XII),,,,66100.0,0.0,0.5132,,0.0,,,1300000000000000000,135.0,67.5,424.11500823462205,0.019043270233196154,0.05070346616831517,,,,2.0,,1.0,,
Uranus Orbit,Juliet (U XI),,,,64400.0,0.001,0.49348,,0.0,,,430000000000000000,94.0,47.0,295.3097094374406,0.012992073336351289,0.034946457526007134,,,,1.0,,1.0,,
Uranus Orbit,Belinda (U XIV),,,,75300.0,0.0,0.62353,,0.0,,,380000000000000000,90.0,45.0,282.7433388230814,0.01252461234567901,0.033574024350844674,,,,1.0,,1.0,,
Uranus Orbit,Cressida (U IX),,,,61800.0,0.0,0.4631,,0.1,,,270000000000000000,80.0,40.0,251.32741228718345,0.01126288125,0.030017170086468845,,,,1.0,,1.0,,
Uranus Orbit,Rosalind (U XIII),,,,69900.0,0.0,0.5585,,0.0,,,200000000000000000,72.0,36.0,226.1946710584651,0.010299845679012345,0.02723212971636425,,,,1.0,,1.0,,
Uranus Orbit,Desdemona (U X),,,,62700.0,0.0,0.4732,,0.1,,,140000000000000000,64.0,32.0,201.06192982974676,0.00912501953125,0.024166117809859326,,,,1.0,,1.0,,
Uranus Orbit,Bianca (U VIII),,,,59200.0,0.001,0.435,,0.1,,,69000000000000000,51.0,25.5,160.22122533307945,0.007082302191464821,0.019005194336409872,,,0.0,1.0,0.0,0.0,,
Uranus Orbit,Prospero (U XVIII),,,,16221000.0,0.441,-1974.0,,149.4,,,65000000000000000,50.0,25.0,157.07963267948966,0.006941272,0.01862964304542629,,,0.0,1.0,0.0,0.0,,
Uranus Orbit,Setebos (U XIX),,,,17519800.0,0.579,-2215.0,,153.9,,,54000000000000000,47.0,23.5,147.6548547187203,0.0065262507922136705,0.01751381703781453,,,0.0,1.0,0.0,0.0,,
Uranus Orbit,Ophelia (U VII),,,,53800.0,0.011,0.3769,,0.1,,,42000000000000000,43.0,21.5,135.0884841043611,0.006064263926446727,0.016148168590809586,,,0.0,1.0,0.0,0.0,,
Uranus Orbit,Caliban (U XVI),,,,7167000.0,0.2,-580.0,,141.4,,,39000000000000000,42.0,21.0,131.94689145077132,0.005902442176870747,0.015744922083915543,,,0.0,1.0,0.0,0.0,,
Uranus Orbit,Coredlia (U VI),,,,49800.0,0.0,0.3346,,0.2,,,34000000000000000,40.0,20.0,125.66370614359172,0.005673155,0.015064069835207217,,,0.0,1.0,0.0,0.0,,
Uranus Orbit,Stephano (U XX),,,,7951400.0,0.235,-677.0,,143.6,,,17000000000000000,32.0,16.0,100.53096491487338,0.00443215234375,0.011909192877773036,,,0.0,0.0,0.0,0.0,,
Uranus Orbit,Perdita (U XXV),,,,76400.0,0.002,0.6384,,0.0,,,14000000000000000,30.0,15.0,94.24777960769379,0.004152897777777777,0.01116185169823239,,,0.0,0.0,0.0,0.0,,
Uranus Orbit,Francisco (U XXII),,,,4275700.0,0.144,-267.0,,146.8,,,5600000000000000,22.0,11.0,69.11503837897544,0.0030889322314049585,0.008243573805753733,,,0.0,0.0,0.0,0.0,,
Uranus Orbit,Ferdinand (U XXIV),,,,20421400.0,0.395,-2788.0,,169.2,,,4800000000000000,21.0,10.5,65.97344572538566,0.0029058176870748295,0.007811668927224925,,,0.0,0.0,0.0,0.0,,
Uranus Orbit,Margaret (U XXIII),,,,14425000.0,0.642,1655.0,,60.5,,,4200000000000000,20.0,10.0,62.83185307179586,0.002803206,0.007487597745605729,,,0.0,0.0,0.0,0.0,,
Uranus Orbit,Cupid (U XXVII),,,,74400.0,0.005,0.6132,,0.1,,,3100000000000000,18.0,9.0,56.548667764616276,0.0025543617283950615,0.006780745616162806,,,0.0,0.0,0.0,0.0,,
Uranus Orbit,Mab (U XXVI),,,,97700.0,0.003,0.9233,,0.1,,,3100000000000000,18.0,9.0,56.548667764616276,0.0025543617283950615,0.006780745616162806,,,0.0,0.0,0.0,0.0,,
Uranus Orbit,Trinculo (U XXI),,,,8502600.0,0.22,-749.0,,167.1,,,3100000000000000,18.0,9.0,56.548667764616276,0.0025543617283950615,0.006780745616162806,,,0.0,0.0,0.0,0.0,,
Outer Solar System,Neptune,,4540000000.0,4460000000.0,4500000000.0,0.008678,367.49,259.883,1.77,131.783,273.187,102409000000000005039456256,49244.0,24622.0,154704.58863337577,11.15,23.5,0.6713,28.32,128856.0,619.0,5.0,413.0,,
Neptune Orbit,Triton (N I),,,,354759.0,0.0,-5.8769,,156.865,,,21390000000000000524288,2705.2,1352.6,8498.636446491108,0.7803289906511124,1.452909489785716,,,449.0,34.0,5.0,23.0,,
Neptune Orbit,Proteus (N VIII),,,,117646.0,0.0,1.1223,,156.885,,,39000000000000000000,420.0,210.0,1319.4689145077132,0.05902442176870747,0.15744922083915544,,,20.0,5.0,5.0,4.0,,
Neptune Orbit,Nereid (N II),,,,5513900.0,0.751,360.13,,5.1,,,24000000000000000000,357.0,178.5,1121.548577331556,0.05027366240613892,0.13396901686207746,,,12.0,4.0,4.0,3.0,,
Neptune Orbit,Larissa (N VII),,,,73548.0,0.0012,0.5555,,0.205,,,3800000000000000000,194.0,97.0,609.4689747964198,0.02695540440004251,0.07231423410095864,,,2.0,2.0,0.0,2.0,,
Neptune Orbit,Galatea (N VI),,,,61953.0,0.0001,0.4287,,0.034,,,2800000000000000000,174.8,87.4,549.1503958474959,0.02446475605988406,0.06539449028219224,,,,2.0,,1.0,,
Neptune Orbit,Despina (N V),,,,52526.0,0.0004,0.3346,,0.068,,,1700000000000000000,156.0,78.0,490.0884539600077,0.018649424720578563,0.05393802236280318,,,,2.0,,1.0,,
Neptune Orbit,Thalassa (N IV),,,,50074.0,0.0018,0.3115,,0.135,,,350000000000000000,81.4,40.7,255.72564200220918,0.0141021376525062,0.03388087963607209,,,,1.0,,1.0,,
Neptune Orbit,Halimede (N IX),,,,16590500.0,0.521,-1879.0,,119.6,,,120000000000000000,62.0,31.0,194.77874452256717,0.008334193548387096,0.02273147597495596,,,,1.0,,1.0,,
Neptune Orbit,Naiad (N III),,,,48224.0,0.0047,0.2944,,4.691,,,130000000000000000,60.4,30.2,189.7521962768235,0.009513387570720582,0.02397099516648241,,,,1.0,,1.0,,
Neptune Orbit,Neso (N XIII),,,,49897800.0,0.455,-9805.0,,128.4,,,110000000000000000,60.0,30.0,188.49555921538757,0.008157477777777776,0.022123486765577134,,,,1.0,,1.0,,
Neptune Orbit,Sao (N XI),,,,22239900.0,0.296,2919.0,,50.2,,,34000000000000000,44.0,22.0,138.23007675795088,0.004688557851239669,0.014363027029653096,,,0.0,1.0,0.0,0.0,,
Neptune Orbit,Laomedeia (N XII),,,,23499900.0,0.419,3168.0,,36.9,,,34000000000000000,42.0,21.0,131.94689145077132,0.005145718820861678,0.014701026851080523,,,0.0,1.0,0.0,0.0,,
Neptune Orbit,Psamathe (N X),,,,47646600.0,0.413,-9149.0,,127.8,,,29000000000000000,40.0,20.0,125.66370614359172,0.004838867499999999,0.013912393755209775,,,0.0,1.0,0.0,0.0,,
Neptune Orbit,Hippocamp (N XIV),,,,105283.0,0.0005,0.95,,0.064,,,22000000000000000,34.8,17.4,109.3274243449248,0.004849867882150877,0.012991358754912842,,,0.0,0.0,0.0,0.0,,
Outer Solar System,Pluto,,7375930000.0,4368200000.0,5906380000.0,0.2488,90560.0,14.53,17.16,110.299,113.834,13024999999999999737856,2376.6,1188.3,7466.309100521502,0.62,1.212,-6387230.0,119.51,350.0,30.0,5.0,20.0,,
Pluto Orbit,Charon (P I),,,,17536.0,0.0022,6.3872,,0.08,,,1587000000000000000000,1212.0,606.0,3807.610296150829,0.2884279890860373,0.5912484442028386,,,100.0,15.0,5.0,10.0,,
Pluto Orbit,Hydra (P III),,,,64738.0,0.00586,38.20177,,0.242,,,50000000000000000,50.9,25.45,159.90706606772048,0.005152288280499148,0.016194180234806784,,,0.0,1.0,0.0,0.0,,
Pluto Orbit,Nix (P II),,,,48694.0,0.00204,24.8547,,0.133,,,50000000000000000,49.8,24.9,156.4513141487717,0.005382413186884082,0.016372054749078605,,,0.0,1.0,0.0,0.0,,
Pluto Orbit,Kerberos (P IV),,,,57783.0,0.00328,32.1676,,0.389,,,16000000000000000,19.0,9.5,59.690260418206066,0.011832554016620499,0.014993949656971291,,,0.0,0.0,0.0,0.0,,
Pluto Orbit,Styx (P V),,,,42656.0,0.00579,20.16155,,0.81,,,7500000000000000,16.0,8.0,50.26548245743669,0.0078214453125,0.011186738800919596,,,0.0,0.0,0.0,0.0,,
Kuiper Belt,90482 Orcus,,7190700000.0,4443056768.7,5879196330.299999,0.22701,89557.0,181.735,17.1,268.799,72.31,632000000000000000000,917.0,458.5,2880.8404633418404,0.20065229061148376,0.4289500559397686,,,68.0,12.0,5.0,8.0,,
Kuiper Belt,208996 2003 AZ84,,6964528884.405,4832011233.299999,5894156117.4,0.183,90202.0,232.611,13.6,252.202,15.211,300000000000000000000,727.0,363.5,2283.9378591597797,0.1515368125495479,0.3319145412956795,,,42.0,9.0,5.0,6.0,,
Kuiper Belt,28978 Ixion ,,7417660835.6640005,4502895917.1,5939035478.700001,0.24579,91717.0,289.587,19.6,71.011,298.314,300000000000000000000,617.0,308.5,1938.3626672649023,0.2103859055554534,0.36028891702037513,,,33.0,8.0,5.0,5.0,,
Kuiper Belt,455502 2003 UZ413 ,,7175900000.0,4547775278.4,5864236543.200001,0.22667,89317.3,113.43,12.0,135.93,145.0,200000000000000000000,600.0,300.0,1884.9555921538758,0.14831777777777774,0.2983130346911892,,,33.0,8.0,5.0,5.0,,
Kuiper Belt,612533 2002 XV93 ,,6646200000.0,5161126549.5,5879196330.299999,0.12713,90387.1,282.08,13.3,19.17,163.53,170000000000000000000,549.2,274.6,1725.3626853515145,0.1504712674835515,0.2874696855356517,,,30.0,7.0,5.0,5.0,,
Kuiper Belt,678191 2017 OF69 ,,7157400000.0,4682413362.3,5909115904.5,0.2072,91128.0,251.02,13.6,218.53,215.37,?,530.0,265.0,1665.0441064025904,,,,,26.0,7.0,6.0,4.0,,
Kuiper Belt,84922 2003 VS2 ,,6344900000.0,5445362504.4,5879196330.299999,0.075539,90451.3,15.535,14.8,302.792,114.317,150000000000000000000,523.0,261.5,1643.0529578274618,0.14640422039345005,0.27671177652166234,,,26.0,7.0,6.0,4.0,,
Kuiper Belt,84719 2002 VR128 ,,7427500000.0,4323378471.9,5879196330.299999,0.26257,90072.7,73.453,14.0,23.152,287.87,100000000000000000000,448.5,224.25,1409.0043051350222,0.1327213590700576,0.2439785432018989,,,22.0,6.0,5.0,4.0,,
Kuiper Belt,469372 2001 QF 298 ,,6541300000.0,5220965697.9,5879196330.299999,0.11429,89784.4,154.29,22.4,164.24,41.215,70000000000000000000,408.2,204.1,1282.3981211953535,0.11215477133270646,0.2139663002858412,,,15.0,5.0,5.0,3.0,,
Kuiper Belt,38628 Huya ,,7524024921.945001,4263539323.5,5894156117.4,0.27608,90318.0,11.695,5.04,169.323,67.882,50000000000000000000,406.0,203.0,1275.486617357456,0.08098109636244509,0.18132381289602506,,,15.0,5.0,5.0,3.0,,
Kuiper Belt,47171 Lempo ,,7240088162.787,4577694852.6,5879196330.299999,0.22618,90572.0,8.547,8.4,97.02,294.424,12750000000000000000,393.1,196.55,1234.9600721261477,0.022027733425761257,0.09305429603014978,,,15.0,5.0,5.0,3.0,,
Kuiper Belt,469987 2006 HJ123 ,,7695900000.0,4098981665.3999996,5879196330.299999,0.30123,90798.1,309.05,12.0,222.53,101.59,1200000000000000000,283.1,141.55,889.3848802312705,0.003997304406317451,0.03363981090060511,,,4.0,4.0,0.0,2.0,,
Kuiper Belt,307463 2002 VU130 ,,7046957311.326,4667453575.2,5879196330.299999,0.2073,89021.0,278.86,14.0,267.86,281.56,16000000000000000000,252.9,126.45,794.5087820928587,0.06678640072509619,0.12996261286761215,,,3.0,3.0,0.0,2.0,,
Kuiper Belt,55638 2002 VE95 ,,7545866211.111,4547775278.4,5894156117.4,0.2876,89562.0,29.369,16.3,199.72,206.35,15000000000000000000,249.8,124.9,784.7698448667304,0.06417592040005102,0.12661415764413056,,,3.0,3.0,0.0,2.0,,
Kuiper Belt,136472 Makemake,,7892200000000.0,5700300000000.0,6796200000000.0,0.16126,111845.0,165.514,28.9835,79.62,294.834,3100000000000000000000,1430.0,715.0,4492.477494633405,0.57,0.91,0.9511083333333333,,138.0,18.0,5.0,12.0,,
Kuiper Belt,136199 Eris,,14616000000.0,5745000000.0,10180000000000.0,0.43568,205044.0,211.032,43.822,36.046,150.714,16465999999999999475712,2326.0,1163.0,7307.344512249859,0.82,1.38,15.786,78.3,323.0,29.0,5.0,19.0,,
Kuiper Belt,90377 Sedna,,140000000000.0,11400000000.0,76000000000.0,0.8496,4159855.8000000003,358.117,11.9307,144.248,311.352,,906.0,453.0,2846.2829441523527,0.0,0.0,,,64.0,11.0,5.0,8.0,,
Kuiper Belt,174567 Varda,,7885453378.281,5910611883.21,6897957831.809999,0.14315,114366.0,275.208,21.511,184.151,180.072,245000000000000000000,740.0,370.0,2324.7785636564467,0.11944510591672752,0.29730351222005164,0.23375,,42.0,9.0,5.0,6.0,,
Kuiper Belt,145452 2005 RN43,,6304951871.166,6069335224.341,6187218346.689,0.019047,975151.5,338.28,19.313,186.93,174.88,,679.0,339.5,2133.1414117874697,0.0,0.0,0.23416666666666666,,42.0,9.0,5.0,6.0,,
Kuiper Belt,2018 VG18,,18684325294.287003,5738275135.818,12211375013.988,0.5301,269170.7922,157.653,24.292,245.325,16.865,,656.0,328.0,2060.884780754904,0.0,0.0,,,35.0,8.0,6.0,5.0,,
Kuiper Belt,2014 UZ224,,26477027992.548,5728850469.945001,16103014030.182,0.64423,407913.0,320.482,26.79,130.699,29.989,,635.0,317.5,1994.9113350295186,0.0,0.0,,,35.0,8.0,6.0,5.0,,
Kuiper Belt,2012 VP113,,69114216402.0,12045919768.662,40615821976.5,0.7036,1633629.06,3.5,24.0563,90.787,293.8,,574.0,287.0,1803.2741831605413,0.0,0.0,,,30.0,7.0,5.0,5.0,,
Kuiper Belt,528381 2008 ST291,,23552240016.627003,6329701342.94424,14940982228.74126,0.576353,364629.0,23.349,20.758,330.97,324.65,,549.0,274.5,1724.7343668207964,0.0,0.0,,,30.0,7.0,5.0,5.0,,
Kuiper Belt,523794 2015 RR245,,19268205784.800003,5077800535.353,12173227556.883001,0.5829,268113.0,328.86,7.5755,311.68,261.02,,500.0,250.0,1570.7963267948965,0.0,0.0,,,22.0,6.0,5.0,4.0,,
Kuiper Belt,15874 1996 TL66,,19709519504.25,5244452563.647,12476911235.013,0.57967,278211.0,6.8505,24.006,217.82,184.79,,339.0,169.5,1064.9999095669398,0.0,0.0,,,12.0,4.0,4.0,3.0,,
Kuiper Belt,229762 2007 UK126,,16165246744.518002,5616642013.718068,10890920174.182507,0.4843,226517.0,344.21,23.378,131.09,346.88,136100000000000000000,678.0,339.0,2129.9998191338796,0.0790431887992621,0.2314979092905586,,,42.0,9.0,5.0,6.0,,
Kuiper Belt,145451 2005 RM43,,21563037125.94,5247743716.809,13405465220.31,0.60854,309834.0,6.19,28.819,84.61,318.1,,644.0,322.0,2023.1856689118267,0.0,0.0,,,35.0,8.0,6.0,5.0,,
Kuiper Belt,78799 2002 XW93,,7002975537.252,4175126981.739,5588976460.559999,0.253,83410.0,145.37,14.383,46.928,247.18,,565.0,282.5,1774.9998492782331,0.0,0.0,,,30.0,7.0,5.0,5.0,,
Kuiper Belt,136108 Haumea,,7717006175.535,5183117436.537,6450061806.036,0.19642,103410.0,31.205,28.2138,122.167,239.041,4006000000000000000000,2100.0,1050.0,6597.344572538565,0.93,1.0,0.163139208,126.0,279.0,26.0,5.0,18.0,,
Kuiper Belt,50000 Quaoar,,6804907956.048,6268150794.9,6536529375.474,0.04106,105495.0,301.104,7.9895,188.927,147.48,1208000000000000000000,1090.0,545.0,3424.3359924128745,0.31,0.59,0.7366166666666666,13.6,86.0,14.0,5.0,9.0,,
Kuiper Belt,225088 Gongong,,15137808566.49,5053565680.250999,10095612324.435,0.49943,202484.0,106.496,30.6273,336.8573,207.6675,1750000000000000000000,1230.0,615.0,3864.1589639154454,0.18,0.62,0.9333333333333332,,100.0,15.0,5.0,10.0,,
Kuiper Belt,120437 Salacia,,6981732639.570001,5639390943.087001,6310636590.264,0.103636,100073.0,123.138,23.921,279.88,31.294,4921999999999999475712,846.0,423.0,2657.787384936965,1.8359743026563606,1.2462881930144734,0.25375,,56.0,11.0,5.0,7.0,,
Kuiper Belt,307261 Mani,,7150927831.6710005,5337203243.667,6244065537.669,0.1453,269.48,226.844,17.693,216.075,214.575,,796.0,398.0,2500.7077522574755,0.0,0.0,,,53.0,10.0,5.0,7.0,,
Kuiper Belt,20000 Varuna,,6749407145.907,6031636560.849,6390521853.378,0.05617,101908.0,119.121,17.221,97.372,262.22,,654.0,327.0,2054.601595447725,0.0,0.0,0.26416666666666666,,35.0,8.0,6.0,5.0,,
Kuiper Belt,471325 Taowu,,7119063485.148,3566263646.7689996,5342588767.023,0.3325,77955.0,42.884,110.311,243.903,322.913,,177.0,88.5,556.0618996853934,0.0,0.0,,,,2.0,,1.0,,
Kuiper Belt,486958 Arrokoth,,6947624324.982,6390970646.990999,6669222687.051001,0.04172,108724.89834000001,316.551,2.4512,158.998,174.418,748500000000000,18.26,9.13,57.36548185454963,0.001,0.0033080980495394817,0.6640833333333334,99.3,0.0,0.0,0.0,0.0,,
Kuiper Belt,2018 AG37,,19851637481.699997,4133389175.73,11997749254.2,0.655,262154.916,186.9,18.68,68.35,321.9,,400.0,200.0,1256.6370614359173,0.0,0.0,,,15.0,5.0,5.0,3.0,,
Kuiper Belt,15760 Albion,,7037383047.582,6104939517.639,6571086483.674999,0.07096,106334.0,34.041,2.1797,359.276,0.7765,,108.0,54.0,339.29200658769764,0.0,0.0,,,,1.0,,1.0,,
Kuiper Belt,385185 1993 RO,,6997590013.896001,4711136153.532001,5854363083.714,0.19528,89418.1,26.984,3.7196,170.4038,188.41,,92.0,46.0,289.02652413026095,0.0,0.0,,,,1.0,,1.0,,
Kuiper Belt,1998 WW31,,7259386288.146001,6048092326.659,6653664508.466999,0.09102,108345.0,141.847,6.8171,237.138,51.218,2658000000000000000,148.0,74.0,464.9557127312894,0.032396437910883855,0.06924357595337499,,,,2.0,,1.0,,
Kuiper Belt,90568 2004 GV9,,6824355679.278,5793641307.8751,6308991013.683001,0.081681,100034.0,34.603,21.9718,250.6142,293.2,,680.0,340.0,2136.2830044410593,0.0,0.0,0.24416666666666667,,42.0,9.0,5.0,6.0,,
Kuiper Belt,55565 2002 AW197,,7952772420.231,6121844077.061999,7037383047.582,0.13009,117848.0,294.532,24.451,297.606,297.494,,768.0,384.0,2412.743157956961,0.0,0.0,0.3695833333333333,,48.0,10.0,6.0,6.0,,
Kuiper Belt,532037 2013 FY27,,12253860809.352001,5265695461.3289995,8759703336.405,0.3989,163660.0,215.947,33.29,186.922,139.752,,765.0,382.5,2403.3183799961917,0.0,0.0,,,48.0,10.0,6.0,6.0,,
Kuiper Belt,55637 2002 UX25,,7254150362.661,5458078323.434999,6356114343.048,0.1413,101157.0,295.71,19.484,204.68,279.0,125000000000000000000,665.0,332.5,2089.1591146372125,0.07546271694273277,0.2240149699616463,0.59925,,39.0,8.0,5.0,6.0,,
Asteroid Belt,1 Ceres,,446000000.0,381000000.0,414000000.0,0.0785,1680.0,291.4,10.6,80.3,73.6,938390000000000065536,939.4,469.7,2951.2121387822517,0.284,0.516,0.3780833333333333,4.0,68.0,12.0,5.0,8.0,,
Asteroid Belt,2 Pallas,,510000000.0,319000000.0,414000000.0,0.2302,1684.0,40.6,34.93,172.9,310.9,204000000000000000000,511.0,255.5,1605.3538459843842,0.21,0.324,0.325,84.0,24.0,6.0,6.0,4.0,,
Asteroid Belt,4 Vesta,,384000000.0,322000000.0,353000000.0,0.0894,1325.86,169.4,7.1422,103.71,151.66,259027100000000016384,525.4,262.7,1650.5927801960772,0.25051329623457264,0.3627942748192761,,,26.0,7.0,6.0,4.0,,
Asteroid Belt,10 Hygiea,,522000000.0,419000000.0,470000000.0,0.1096,2036.0,181.38,3.832,283.13,312.71,87400000000000000000,433.0,216.5,1360.3096190043805,0.1244518494418339,0.23213713793426954,,,20.0,5.0,5.0,4.0,,
Asteroid Belt,704 Interamnia,,528000000.0,386000000.0,457200000.0,0.155,1951.0,248.0,17.31,280.3,94.8,35000000000000000000,332.0,166.0,1043.0087609918114,0.0847730076934243,0.1677636389514035,,,12.0,4.0,4.0,3.0,,
Asteroid Belt,52 Europa,,510000000.0,420000000.0,460000000.0,0.111,1989.0,31.0,7.48,129.0,343.0,24000000000000000000,319.0,159.5,1002.168056495144,0.06296447558494904,0.1417239136899583,,,12.0,4.0,4.0,3.0,,
Asteroid Belt,511 Davida,,562338397.089,384316930.599,473178065.973,0.188,2055.0,113.0,15.94,107.6,337.2,26600000000000000000,298.0,149.0,936.1946107697584,0.07996774019188324,0.15437093825322565,,,4.0,4.0,0.0,2.0,,
Asteroid Belt,87 Sylvia,,560000000.0,480000000.0,520000000.0,0.094,2372.0,213.0,10.9,73.0,263.0,14760000000000000000,271.0,135.5,851.3716091228339,0.05365540665295951,0.12058447330793474,,,3.0,3.0,0.0,2.0,,
Asteroid Belt,15 Eunomia,,469000000.0,321000000.0,395000000.0,0.186,1571.0,206.0,11.75,293.0,99.0,30500000000000000000,270.0,135.0,848.2300164692441,0.11169610425240054,0.17366043921442828,,,3.0,3.0,0.0,2.0,,
Asteroid Belt,31 Euphrosyne,,576296000.0,376786000.0,472041000.0,0.2209,2041.585,87.1671,26.3033,31.1186,61.4704,16500000000000000000,268.0,134.0,841.9468311620645,0.06133100356426821,0.12820572902652938,,,3.0,3.0,0.0,2.0,,
Asteroid Belt,65 Cybele,,569997808.0842,455734954.21440005,512866381.14930004,0.1114,2319.0,168.06,3.5627,155.63,102.37,14800000000000000000,263.0,131.5,826.2388678941156,0.05712364787693908,0.12257046704502264,,,3.0,3.0,0.0,2.0,,
Asteroid Belt,624 Hektor,,805195580.8704,767721314.1849,786450967.6341001,0.0238,4403.0,136.09,18.166,342.79,185.22,7900000000000000000,250.0,125.0,785.3981633974482,0.033745260799999996,0.0918494158936245,,,3.0,3.0,0.0,2.0,,
Asteroid Belt,107 Camilla,,556533999.6942,488018174.7762,522276087.2352,0.0656,2383.0,265.91,10.001,172.61,306.77,11200000000000000000,254.0,127.0,797.9645340118075,0.046346431892863776,0.10849881889120913,,,3.0,3.0,0.0,2.0,,
Asteroid Belt,451 Palentia,,492610000.0,423420000.0,458010000.0,0.075545,1956.7,279.3,15.236,89.252,337.06,10900000000000000000,253.9,126.95,797.6503747464485,0.04514054635050439,0.10705692279527311,,,3.0,3.0,0.0,2.0,,
Asteroid Belt,3 Juno,,501000000.0,297000000.0,399000000.0,0.2562,1591.7649999999999,37.02,12.991,169.84,247.74,27000000000000000000,254.0,127.0,797.9645340118075,0.1117280054560109,0.16846042082883078,,,3.0,3.0,0.0,2.0,,
Asteroid Belt,324 Bamberga,,537718000.0,264823000.0,401269000.0,0.34004,1604.6,225.419,11.1011,327.883,44.2409,10200000000000000000,227.0,113.5,713.141532364883,0.05284624968464359,0.10952670303818195,,,3.0,3.0,0.0,2.0,,
Asteroid Belt,16 Psyche,,497000000.0,378000000.0,437000000.0,0.1342,1825.95,243.16,3.096,150.03,229.41,22900000000000000000,223.0,111.5,700.5751617505239,0.12293950813408673,0.16557629756067543,,,3.0,3.0,0.0,2.0,,
Asteroid Belt,88 Thisbe,,482242000.0,345809000.0,414025000.0,0.165,1681.709,165.454,5.219,276.765,36.591,11600000000000000000,218.0,109.0,684.8671984825748,0.06516444743708441,0.1191882944809783,,,3.0,3.0,0.0,2.0,,
Asteroid Belt,48 Doris,,500093000.0,430463000.0,465278000.0,0.075,2003.453,336.191,6.554,183.754,257.583,6900000000000000000,215.0,107.5,675.4424205218055,0.03985087723093564,0.09256316008354058,,,3.0,3.0,0.0,2.0,,
Asteroid Belt,19 Fortuna,,423443000.0,307028000.0,365235000.0,0.159,1393.378,268.398,1.573,211.379,182.091,8800000000000000000,211.0,105.5,662.8760499074464,0.05276956043215561,0.10551955861917181,,,3.0,3.0,0.0,2.0,,
Asteroid Belt,121 Hermione,,584434002.6357,447133076.6319,515783539.63379997,0.1331,2338.0,157.08,7.5975,73.127,298.16,5381000000000000000,190.0,95.0,596.9026041820607,0.03979435822714681,0.08695359718354322,,,2.0,2.0,0.0,2.0,,
Asteroid Belt,24 Themis,,524400000.0,415900000.0,570200000.0,0.1153,2035.0,346.1,0.7368,36.39,109.0,6200000000000000000,208.0,104.0,653.451271946677,0.03825874630177514,0.08920660979304858,,,3.0,3.0,0.0,2.0,,
Asteroid Belt,94 Aurora,,516374000.0,429093000.0,472340000.0,0.092315,2051.8,132.718,7.97343,2.59859,60.826,6606000000000000000,204.89,102.445,643.6809187940127,0.04201097486337995,0.09277730670674762,,,3.0,3.0,0.0,2.0,,
Asteroid Belt,29 Amphirite,,410272161.21750003,354008401.9344,382132801.6824,0.0736,1491.0,48.4,6.0772,356.26,62.01,12700000000000000000,204.0,102.0,640.8849013323178,0.0814721357170319,0.12891980331304617,,,3.0,3.0,0.0,2.0,,
Asteroid Belt,13 Egeria,,418557000.0,352690000.0,385624000.0,0.085403,1511.7,305.547,16.532,43.208,79.222,9200000000000000000,202.0,101.0,634.6017160251382,0.06019366728752083,0.11026840341675039,,,3.0,3.0,0.0,2.0,,
Asteroid Belt,7 Iris,,439100000.0,275000000.0,357100000.0,0.22977,1346.8,207.9,5.519,259.5,145.4,13500000000000000000,199.0,99.5,625.1769380643689,0.09101088356354636,0.1345777315500069,,,3.0,3.0,0.0,2.0,,
Asteroid Belt,130 Elektra,,565599630.6768,369880736.0475,467732703.4686,0.20923,2019.0,87.758,22.782,145.009,237.588,6400000000000000000,199.0,99.5,625.1769380643689,0.043145900356051606,0.0926608556557421,,,3.0,3.0,0.0,2.0,,
Asteroid Belt,6 Hebe,,437000000.0,289000000.0,364000000.0,0.2027,1379.85,144.0,14.736,138.63,239.59,12400000000000000000,195.0,97.5,612.6105674500096,0.08705990269559499,0.1302945932325706,,,2.0,2.0,0.0,2.0,,
Asteroid Belt,375 Ursula,,516770885.5824,417796934.12880003,467283909.8556,0.1059,2016.0,189.03,15.943,336.57,342.15,8450000000000000000,216.0,108.0,678.5840131753953,0.048352053326474624,0.10219610324527309,,,3.0,3.0,0.0,2.0,,
Asteroid Belt,702 Alauda,,486686753.72429997,469318440.9012,478010077.2063,0.0182,2086.0,311.58,20.589,289.77,349.49,6057000000000000000,202.0,101.0,634.6017160251382,0.03962967856092539,0.08947175570707736,,,3.0,3.0,0.0,2.0,,
Asteroid Belt,45 Eugenia,,440305000.0,373488000.0,406897000.0,0.082,1638.0,45.254,6.61,147.939,85.137,5800000000000000000,188.0,94.0,590.6194188748811,0.043810479855138064,0.09075445009896735,,,2.0,2.0,0.0,2.0,,
Asteroid Belt,41 Daphne,,526144000.0,301220000.0,413682000.0,0.272,1679.618,247.5,15.765,178.159,46.239,6100000000000000000,187.0,93.5,587.4778262212914,0.046570654007835506,0.09332048167184544,,,2.0,2.0,0.0,2.0,,
Asteroid Belt,423 Diotima,,476504000.0,441353000.0,458927000.0,0.038297,1962.6,237.495,11.2304,69.471,200.103,6910000000000000000,175.859,87.9295,552.4773424676474,0.05965056530683173,0.10242113436344141,,,,2.0,,1.0,,
Asteroid Belt,372 Palma,,593800000.0,349049000.0,471420000.0,0.25958,2043.3,275.769,23.828,327.37,115.582,5150000000000000000,191.0,95.5,600.0441968356505,0.037688270606617134,0.08484373686881003,,,2.0,2.0,0.0,2.0,,
Asteroid Belt,259 Aletheia,,528873353.3463,409105297.8237,468989325.585,0.1276,2027.5,71.26,10.813,86.864,168.07,7790000000000000000,190.05,95.025,597.0596838147402,0.057579438413339346,0.10460866250198948,,,2.0,2.0,0.0,2.0,,
Asteroid Belt,9 Metis,,401000000.0,313100000.0,357100000.0,0.1231,1346.74,345.43,5.577,68.87,5.75,8000000000000000000,173.0,86.5,543.4955290710342,0.07136142203214273,0.11111042260544549,,,,2.0,,1.0,,
Asteroid Belt,532 Herculina,,487773000.0,341982000.0,414877350.0,0.1757028,1684.34607,131.03906,16.31351,107.55583,76.09745,22900000000000000000,167.791,83.8955,527.130972938485,0.21715201948692905,0.19088256730705222,,,,2.0,,1.0,,
Asteroid Belt,354 Eleonora,,466570000.0,370518000.0,418540000.0,0.11474,1709.3,123.762,18.403,140.37,5.5215,7500000000000000000,165.0,82.5,518.3627878423158,0.07354600550964187,0.11015938865612367,,,,2.0,,1.0,,
Asteroid Belt,128 Nemesis,,463590000.0,359000000.0,411350000.0,0.1272,1665.0,345.49,6.2453,76.243,303.82,3400000000000000000,163.0,81.5,512.0796025351362,0.034164055854567346,0.07462399817950308,,,,2.0,,1.0,,
